<?xml version="1.0"?>
<data grt_format="2.0">
  <value _ptr_="000001F0743D16D0" type="list" content-type="object" content-struct-name="db.mgmt.Connection">
    <value type="object" struct-name="db.mgmt.Connection" id="{4F24481D-CFAC-4C97-93CC-7942A867F213}" struct-checksum="0x96ba47d8">
      <link type="object" struct-name="db.mgmt.Driver" key="driver">com.mysql.rdbms.mysql.driver.native</link>
      <value type="string" key="hostIdentifier">Mysql@localhost:3306</value>
      <value type="int" key="isDefault">0</value>
      <value _ptr_="000001F07483E470" type="dict" key="modules"/>
      <value _ptr_="000001F07483E290" type="dict" key="parameterValues">
        <value type="string" key="SQL_MODE"></value>
        <value type="string" key="hostName">localhost</value>
        <value type="int" key="lastConnected">1688053737</value>
        <value type="string" key="password"></value>
        <value type="int" key="port">3306</value>
        <value type="string" key="schema">dv1663</value>
        <value type="string" key="serverVersion">8.0.31</value>
        <value type="string" key="sslCA"></value>
        <value type="string" key="sslCert"></value>
        <value type="string" key="sslCipher"></value>
        <value type="string" key="sslKey"></value>
        <value type="int" key="useSSL">1</value>
        <value type="string" key="userName">root</value>
      </value>
      <value type="string" key="name">DV1663</value>
      <link type="object" struct-name="GrtObject" key="owner">{114E3917-F46B-45A7-8D48-B24F43729A67}</link>
    </value>
    <value type="object" struct-name="db.mgmt.Connection" id="{5DB08060-DCE9-40EB-A62B-0360BABBA94F}" struct-checksum="0x96ba47d8">
      <link type="object" struct-name="db.mgmt.Driver" key="driver">com.mysql.rdbms.mysql.driver.native</link>
      <value type="string" key="hostIdentifier">Mysql@localhost:3306</value>
      <value type="int" key="isDefault">1</value>
      <value _ptr_="000001F07483F130" type="dict" key="modules"/>
      <value _ptr_="000001F07483EDD0" type="dict" key="parameterValues">
        <value type="string" key="DbSqlEditor:LastDefaultSchema">projekt</value>
        <value type="string" key="SQL_MODE"></value>
        <value type="string" key="hostName">localhost</value>
        <value type="int" key="lastConnected">1688054078</value>
        <value type="string" key="password"></value>
        <value type="int" key="port">3306</value>
        <value type="string" key="schema"></value>
        <value type="string" key="serverVersion">8.0.31</value>
        <value type="string" key="sslCA"></value>
        <value type="string" key="sslCert"></value>
        <value type="string" key="sslCipher"></value>
        <value type="string" key="sslKey"></value>
        <value type="int" key="useSSL">1</value>
        <value type="string" key="userName">root</value>
      </value>
      <value type="string" key="name">projekt</value>
      <link type="object" struct-name="GrtObject" key="owner">{114E3917-F46B-45A7-8D48-B24F43729A67}</link>
    </value>
  </value>
</data>
