<?xml version="1.0"?>
<data grt_format="2.0">
  <value _ptr_="000001F0743D15F0" type="list" content-type="object" content-struct-name="db.mgmt.ServerInstance">
    <value type="object" struct-name="db.mgmt.ServerInstance" id="{F2BB11BC-9773-475C-9AA4-3B923D3A4485}" struct-checksum="0x367436e2">
      <link type="object" struct-name="db.mgmt.Connection" key="connection">{4F24481D-CFAC-4C97-93CC-7942A867F213}</link>
      <value _ptr_="000001F07483ED70" type="dict" key="loginInfo">
        <value type="string" key="wmi.hostName"></value>
        <value type="string" key="wmi.userName"></value>
      </value>
      <value _ptr_="000001F07483F790" type="dict" key="serverInfo">
        <value type="int" key="setupPending">0</value>
        <value type="string" key="sys.config.path">C:\ProgramData\MySQL\MySQL Server 8.0\my.ini</value>
        <value type="int" key="sys.config.path.lock">1</value>
        <value type="string" key="sys.config.section">mysqld</value>
        <value type="string" key="sys.mysqld.service_name">MySQL80</value>
        <value type="string" key="sys.preset">Custom</value>
        <value type="string" key="sys.sudo"></value>
        <value type="string" key="sys.system">Windows</value>
        <value type="int" key="windowsAdmin">1</value>
      </value>
      <value type="string" key="name">DV1663</value>
    </value>
    <value type="object" struct-name="db.mgmt.ServerInstance" id="{4DF11800-7605-4549-9697-862FA62B6780}" struct-checksum="0x367436e2">
      <link type="object" struct-name="db.mgmt.Connection" key="connection">{5DB08060-DCE9-40EB-A62B-0360BABBA94F}</link>
      <value _ptr_="000001F07483F7F0" type="dict" key="loginInfo">
        <value type="string" key="ssh.hostName"></value>
        <value type="string" key="ssh.key">C:\Users\alwi1\AppData\Roaming/.ssh/ssh_private_key</value>
        <value type="string" key="ssh.localPort">3306</value>
        <value type="int" key="ssh.useKey">0</value>
        <value type="string" key="ssh.userName">mysql</value>
      </value>
      <value _ptr_="000001F07483FCD0" type="dict" key="serverInfo">
        <value type="string" key="serverVersion">8.0.31</value>
        <value type="int" key="setupPending">0</value>
        <value type="string" key="sys.sudo"></value>
        <value type="int" key="windowsAdmin">1</value>
      </value>
      <value type="string" key="name">projekt</value>
    </value>
  </value>
</data>
